City_ID,City,Lat,Lng,Max Temp,Humidity,Cloudiness,Wind Speed,Country,Date
0,nimaparha,20.0667,86.0167,29.120000000000005,81,100,7.16,IN,1718049369
1,sisimiut,66.9395,-53.6735,5.899999999999977,72,100,1.77,GL,1718049369
2,blackmans bay,-43.0167,147.3167,11.970000000000027,81,100,0.45,AU,1718049370
3,bredasdorp,-34.5322,20.0403,14.360000000000014,58,100,1.94,ZA,1718049370
4,haiku-pauwela,20.9219,-156.3051,28.350000000000023,73,40,10.29,US,1718049370
5,el porvenir,13.7617,-87.3458,32.52999999999997,57,97,2.73,HN,1718049371
6,alghero,40.5589,8.3181,19.94999999999999,77,0,1.03,IT,1718049371
7,vilyuchinsk,52.9306,158.4028,11.529999999999973,75,100,0.9,RU,1718049371
8,port-aux-francais,-49.35,70.2167,4.480000000000018,94,100,21.8,TF,1718049371
9,waitangi,-43.9535,-176.5597,9.240000000000009,97,100,0.89,NZ,1718049372
10,puerto ayora,-0.7393,-90.3518,30.879999999999995,92,39,2.24,EC,1718049372
11,bilibino,68.0546,166.4372,10.269999999999982,62,100,1.0,RU,1718049372
12,ilulissat,69.2167,-51.1,1.910000000000025,69,20,3.6,GL,1718049373
13,bethel,41.3712,-73.414,23.25999999999999,57,100,2.57,US,1718049299
14,keflavik,64.0049,-22.5624,10.850000000000023,66,0,5.14,IS,1718049373
15,grytviken,-54.2811,-36.5092,-8.850000000000023,82,25,4.31,GS,1718049374
16,kokopo,-4.352,152.2633,25.399999999999977,86,47,2.7,PG,1718049374
17,minas de marcona,-15.2119,-75.1103,17.939999999999998,54,55,4.18,PE,1718049374
18,punta arenas,-53.15,-70.9167,2.9599999999999795,93,75,2.57,CL,1718049190
19,nar'yan-mar,67.6713,53.087,3.2900000000000205,88,1,3.58,RU,1718049375
20,uturoa,-16.7333,-151.4333,25.629999999999995,79,40,9.4,PF,1718049375
21,iqaluit,63.7506,-68.5145,2.75,64,40,3.09,CA,1718049375
22,dordrecht,51.81,4.6736,12.129999999999995,79,94,3.58,NL,1718049360
23,ixtapa,20.7,-105.2,34.22000000000003,43,39,4.95,MX,1718049376
24,hermanus,-34.4187,19.2345,17.569999999999993,55,100,4.06,ZA,1718049376
25,adamstown,-25.066,-130.1015,22.569999999999993,81,100,7.06,PN,1718049376
26,hammerfest,70.6634,23.6821,11.149999999999977,71,40,4.63,NO,1718049377
27,visby,57.6409,18.296,14.019999999999982,67,75,5.14,SE,1718049377
28,mount pearl,47.5166,-52.7813,15.189999999999998,96,100,8.23,CA,1718049128
29,emerald,-23.5333,148.1667,8.980000000000018,63,0,4.85,AU,1718049377
30,wailua homesteads,22.0669,-159.378,27.139999999999986,78,75,7.2,US,1718049378
31,vallenar,-28.5708,-70.7581,18.560000000000002,34,96,2.07,CL,1718049378
32,yellowknife,62.456,-114.3525,13.189999999999998,88,100,3.09,CA,1718049378
33,kaspiyskiy,45.3929,47.3707,23.670000000000016,60,61,4.13,RU,1718049379
34,isafjordur,66.0755,-23.124,4.920000000000016,87,20,4.12,IS,1718049379
35,hadibu,12.65,54.0333,28.029999999999973,75,15,7.46,YE,1718049379
36,puerto natales,-51.7236,-72.4875,2.1499999999999773,93,75,2.06,CL,1718049379
37,drochia,48.035,27.8161,17.389999999999986,89,77,3.79,MD,1718049380
38,whitehorse,60.7161,-135.0538,17.689999999999998,35,75,4.12,CA,1718049207
39,udachny,66.4167,112.4,17.370000000000005,40,36,0.45,RU,1718049380
40,tazovsky,67.4667,78.7,10.009999999999991,65,100,5.16,RU,1718049380
41,la passe,45.5549,-0.8967,17.029999999999973,80,99,4.41,FR,1718049381
42,bardai,11.65,7.2333,26.329999999999984,66,87,4.87,NG,1718049381
43,tolanaro,-25.0319,46.9987,18.939999999999998,77,40,7.2,MG,1718049381
44,swan hill,-35.3378,143.5544,13.519999999999982,58,100,4.12,AU,1718049382
45,corn island,12.1694,-83.0418,28.779999999999973,71,100,1.05,NI,1718049382
46,lata,40.1629,-8.3327,15.860000000000014,80,0,1.39,PT,1718049382
47,kodiak,57.79,-152.4072,6.6299999999999955,100,100,5.66,US,1718049383
48,mingshui,36.7167,117.5,27.639999999999986,44,100,4.92,CN,1718049383
49,pisco,-13.7,-76.2167,17.930000000000007,82,100,2.57,PE,1718049383
50,colonia,50.9333,6.95,12.100000000000023,76,75,8.75,DE,1718049289
51,albany,42.6001,-73.9662,18.589999999999975,69,94,0.89,US,1718049188
52,papatowai,-46.5619,169.4708,5.819999999999993,78,64,8.13,NZ,1718049384
53,ribeira grande,38.5167,-28.7,21.120000000000005,73,40,4.02,PT,1718049385
54,la foa,-21.7108,165.8276,21.24000000000001,87,35,1.31,NC,1718049385
55,taltal,-25.4,-70.4833,18.04000000000002,68,19,1.62,CL,1718049385
56,fort-shevchenko,44.5086,50.263,25.769999999999982,52,1,10.08,KZ,1718049386
57,invercargill,-46.4,168.35,3.8000000000000114,91,82,3.58,NZ,1718049386
58,san antonio de pale,-1.4014,5.6325,24.769999999999982,85,18,3.29,GQ,1718049386
59,tura,25.5198,90.2201,24.839999999999975,94,12,2.51,IN,1718049387
60,ugoofaaru,5.6667,73.0,28.680000000000007,77,81,7.0,MV,1718049387
61,edinburgh of the seven seas,-37.0676,-12.3116,14.300000000000011,74,22,9.35,SH,1718049387
62,port mathurin,-19.6833,63.4167,24.230000000000018,75,61,9.44,MU,1718049388
63,kavalerovo,44.2661,135.0572,14.089999999999975,96,76,1.79,RU,1718049388
64,thompson,55.7435,-97.8558,18.99000000000001,37,75,4.12,CA,1718049388
65,st. john's,47.5649,-52.7093,15.649999999999977,96,100,8.23,CA,1718049186
66,kingston,17.997,-76.7936,31.430000000000007,70,20,9.26,JM,1718049389
67,aasiaat,68.7098,-52.8699,0.7799999999999727,77,11,4.04,GL,1718049389
68,guarapari,-20.6667,-40.4975,23.50999999999999,77,98,3.84,BR,1718049390
69,baymak,52.5933,58.3225,16.430000000000007,87,3,2.55,RU,1718049390
70,shelbyville,35.4834,-86.4603,28.44999999999999,38,0,4.12,US,1718049205
71,ancud,-41.8697,-73.8203,11.079999999999984,93,96,6.47,CL,1718049390
72,katsuren-haebaru,26.3369,127.8719,25.120000000000005,95,40,8.75,JP,1718049391
73,itambe,-15.245,-40.6244,23.569999999999993,58,56,0.79,BR,1718049236
74,westport,41.1415,-73.3579,24.94999999999999,52,100,5.66,US,1718049391
75,newport,51.5877,-2.9984,14.240000000000009,65,7,6.22,GB,1718049391
76,port alfred,-33.5906,26.891,18.230000000000018,53,0,4.51,ZA,1718049299
77,carauari,-4.8828,-66.8958,29.930000000000007,65,100,1.22,BR,1718049392
78,graaff-reinet,-32.2522,24.5308,12.860000000000014,45,23,3.99,ZA,1718049341
79,vila franca do campo,37.7167,-25.4333,20.129999999999995,99,100,2.34,PT,1718048988
80,tralee,52.2704,-9.7026,10.779999999999973,81,56,2.8,IE,1718049393
81,belaya glina,46.07,40.86,19.579999999999984,81,100,1.62,RU,1718049126
82,jamestown,42.097,-79.2353,13.240000000000009,78,100,6.17,US,1718049393
83,manismata,-2.4667,111.0333,23.569999999999993,99,100,1.04,ID,1718049394
84,sungai penuh,-2.0833,101.3833,19.829999999999984,97,91,0.13,ID,1718049394
85,cururupu,-1.8283,-44.8683,27.70999999999998,75,89,1.49,BR,1718049394
86,gorontalo,0.5412,123.0595,22.980000000000018,97,50,0.91,ID,1718049395
87,ruteng,-8.6136,120.4721,15.420000000000016,98,42,0.93,ID,1718049395
88,manistee,44.2445,-86.3242,16.600000000000023,60,0,7.2,US,1718049395
89,avarua,-21.2078,-159.775,22.930000000000007,56,7,2.06,CK,1718049395
90,chonchi,-42.6128,-73.8092,11.45999999999998,90,99,4.19,CL,1718049396
91,badger,64.8,-147.5333,20.350000000000023,51,75,2.06,US,1718049396
92,puerto baquerizo moreno,-0.9,-89.6,25.44999999999999,73,40,9.26,EC,1718049396
93,kapa'a,22.0752,-159.319,27.889999999999986,78,75,7.2,US,1718049396
94,egilsstadir,65.2653,-14.3948,7.1299999999999955,80,67,3.99,IS,1718049397
95,midvagur,62.0511,-7.1939,5.360000000000014,81,100,9.77,FO,1718049397
96,fort mcmurray,56.7268,-111.381,13.670000000000016,87,100,1.54,CA,1718049284
97,toropets,56.4978,31.6353,16.430000000000007,72,100,0.83,RU,1718049398
98,longyearbyen,78.2186,15.6401,6.810000000000002,61,0,1.54,SJ,1718049398
99,pangoa,-12.1167,-73.0,29.870000000000005,44,27,1.96,PE,1718049398
100,utrik,11.2278,169.8474,28.360000000000014,76,38,8.28,MH,1718049398
101,indianola,41.3581,-93.5574,24.170000000000016,48,41,0.89,US,1718049158
102,ambodifotatra,-16.9833,49.85,23.079999999999984,81,46,8.44,MG,1718049399
103,hasaki,35.7333,140.8333,18.120000000000005,80,0,1.74,JP,1718049399
104,yuzhno-kurilsk,44.0306,145.8556,11.220000000000027,93,100,2.36,RU,1718049400
105,saldanha,-33.0117,17.9442,15.930000000000007,47,61,7.11,ZA,1718049400
106,kzyltu,53.6364,72.3414,16.0,91,99,8.67,KZ,1718049400
107,puerto piray,-26.4678,-54.7148,27.470000000000027,55,10,0.79,AR,1718049401
108,kristiansund,63.1115,7.732,11.079999999999984,82,75,5.14,NO,1718049401
109,nemuro,43.3236,145.575,10.240000000000009,100,100,3.86,JP,1718049401
110,sarandi del yi,-33.35,-55.6333,16.579999999999984,81,36,3.13,UY,1718049401
111,bure,10.7,37.0667,16.350000000000023,85,92,1.66,ET,1718049402
112,nagina,29.45,78.45,31.55000000000001,14,1,1.8,IN,1718049402
113,kani keli,-12.9536,45.1033,25.49000000000001,65,2,5.57,YT,1718049403
114,margaret river,-33.95,115.0667,15.730000000000018,61,100,6.21,AU,1718049403
115,panaba,21.2833,-88.2667,29.45999999999998,66,100,6.12,MX,1718049403
116,machico,32.7,-16.7667,21.410000000000025,75,75,4.12,PT,1718049404
117,kangding,30.0513,101.9603,14.689999999999998,99,100,1.78,CN,1718049404
118,malango,-2.9627,119.9001,18.329999999999984,99,74,1.14,ID,1718049404
119,ust-nera,64.5667,143.2,13.060000000000002,36,88,1.29,RU,1718049405
120,burang,30.25,81.1667,5.350000000000023,51,0,2.17,CN,1718049405
121,labe,11.3182,-12.2833,25.319999999999993,62,99,1.26,GN,1718049405
122,dunedin,-45.8742,170.5036,5.899999999999977,65,8,4.02,NZ,1718049277
123,piton saint-leu,-21.2196,55.3151,20.939999999999998,78,0,4.12,RE,1718049406
124,misratah,32.3754,15.0925,27.360000000000014,48,29,7.13,LY,1718049406
125,barah,13.7,30.3667,33.089999999999975,38,47,2.82,SD,1718049406
126,huarmey,-10.0681,-78.1522,21.089999999999975,71,27,4.93,PE,1718049407
127,tyrnava,64.7647,25.6523,11.889999999999986,90,100,1.72,FI,1718049407
128,afaahiti,-17.75,-149.2833,23.829999999999984,87,99,6.8,PF,1718049407
129,college,64.8569,-147.8028,20.399999999999977,52,75,2.06,US,1718049408
130,itaituba,-4.2761,-55.9836,30.99000000000001,58,20,1.54,BR,1718049408
131,west island,-12.1568,96.8225,25.889999999999986,89,75,8.75,CC,1718049408
132,ushuaia,-54.8,-68.3,-1.3100000000000023,80,40,1.03,AR,1718049168
133,nuuk,64.1835,-51.7216,5.910000000000025,94,100,4.11,GL,1718049409
134,valparaiso,-33.0393,-71.6273,16.089999999999975,78,100,5.14,CL,1718049346
135,revda,56.801,59.9303,10.990000000000009,87,25,1.76,RU,1718049409
136,tengrela,10.4869,-6.4097,29.779999999999973,49,82,2.13,CI,1718049410
137,kashgar,39.4547,75.9797,23.45999999999998,28,20,7.0,CN,1718049410
138,santa maria,-29.6842,-53.8069,26.50999999999999,65,0,2.06,BR,1718049196
139,malvan,16.0667,73.4667,26.25999999999999,86,100,1.13,IN,1718049411
140,saint-philippe,-21.3585,55.7679,21.670000000000016,80,47,4.58,RE,1718049411
141,tiksi,71.6872,128.8694,1.6399999999999864,86,29,3.14,RU,1718049412
142,kapuskasing,49.4169,-82.4331,14.949999999999989,44,0,5.66,CA,1718049412
143,gadzhiyevo,69.2551,33.3362,10.899999999999977,81,100,1.8,RU,1718049412
144,hawaiian paradise park,19.5933,-154.9731,25.389999999999986,79,100,3.09,US,1718049413
145,cabedelo,-6.9811,-34.8339,28.269999999999982,76,4,6.79,BR,1718049413
146,revelstoke,50.9832,-118.2023,19.910000000000025,60,75,3.6,CA,1718049381
147,lihue,21.9789,-159.3672,27.480000000000018,72,75,7.2,US,1718049413
148,paciran,-6.8767,112.3761,25.819999999999993,88,57,3.77,ID,1718049414
149,polessk,54.862,21.1028,12.930000000000007,86,0,1.46,RU,1718049414
150,syktyvkar,61.6764,50.8099,12.75,71,0,2.0,RU,1718049414
151,queenstown,-31.8976,26.8753,8.660000000000025,47,0,2.33,ZA,1718049415
152,kavieng,-2.5744,150.7967,27.55000000000001,82,100,4.62,PG,1718049415
153,talnakh,69.4865,88.3972,6.1299999999999955,91,16,3.41,RU,1718049305
154,harstad,68.799,16.5293,14.560000000000002,66,97,2.68,NO,1718049415
155,brisas de zicatela,15.8369,-97.0419,30.920000000000016,64,100,5.32,MX,1718049416
156,olonkinbyen,70.9221,-8.7187,-1.4599999999999795,92,93,6.92,SJ,1718049416
157,mongo,12.1844,18.693,28.329999999999984,54,51,1.87,TD,1718049416
158,saipan,15.1355,145.701,27.29000000000002,89,20,5.14,MP,1718049417
159,petropavlovsk-kamchatsky,53.0452,158.6483,10.70999999999998,86,0,4.47,RU,1718049417
160,atafu village,-8.5421,-172.5159,28.569999999999993,75,37,6.64,TK,1718049417
161,abak,4.9797,7.7917,24.829999999999984,91,94,2.44,NG,1718049417
162,fale old settlement,-9.3852,-171.2468,28.860000000000014,75,22,7.1,TK,1718049418
163,bardsir,29.9227,56.5743,21.44999999999999,15,0,0.32,IR,1718049418
164,caleta de carquin,-11.0925,-77.6267,20.069999999999993,74,69,4.92,PE,1718049418
165,lycksele,64.5954,18.6735,9.829999999999984,93,20,0.51,SE,1718049418
166,sinabang,2.4803,96.3801,26.379999999999995,85,97,1.61,ID,1718049419
167,sao gabriel da cachoeira,-0.1303,-67.0892,25.79000000000002,89,40,5.66,BR,1718049419
168,outokumpu,62.7269,29.0159,13.839999999999975,93,94,3.56,FI,1718049419
169,qaqortoq,60.7167,-46.0333,8.949999999999989,73,100,5.06,GL,1718049420
170,iglesias,39.3114,8.535,22.579999999999984,83,27,1.97,IT,1718049420
171,lebu,-37.6167,-73.65,12.54000000000002,91,100,11.63,CL,1718049420
172,lucapa,-8.4192,20.7447,19.139999999999986,35,23,1.71,AO,1718049420
173,stanley,54.868,-1.6985,8.069999999999993,90,20,2.06,GB,1718049421
174,xinzhuang,39.0203,117.3239,22.910000000000025,83,6,2.0,CN,1718049421
175,anadyr,64.75,177.4833,7.180000000000007,70,75,3.0,RU,1718049422
176,hamilton,39.1834,-84.5333,19.129999999999995,63,100,7.72,US,1718049265
177,alavus,62.5833,23.6167,9.850000000000023,79,54,3.68,FI,1718049293
178,amurzet,47.6967,131.0981,14.860000000000014,93,100,2.17,RU,1718049423
179,al majaridah,19.1236,41.9111,33.73000000000002,45,0,1.35,SA,1718049423
180,vorgashor,67.5833,63.95,2.009999999999991,96,100,2.54,RU,1718049423
181,port lincoln,-34.7333,135.8667,16.25,86,100,8.31,AU,1718049423
182,hithadhoo,-0.6,73.0833,28.350000000000023,70,100,2.53,MV,1718049424
183,leo,11.1,-2.1,31.310000000000002,45,72,0.48,BF,1718049424
184,oltinko'l,40.8011,72.1634,26.05000000000001,34,5,3.61,UZ,1718049424
185,bonthe,7.5264,-12.505,26.480000000000018,85,100,3.93,SL,1718049425
186,kloulklubed,7.0419,134.2556,28.670000000000016,73,100,1.94,PW,1718049425
187,port elizabeth,-33.918,25.5701,17.730000000000018,94,0,0.51,ZA,1718049425
188,tateyama,34.9833,139.8667,20.00999999999999,83,0,1.26,JP,1718049425
189,hengchun,22.0042,120.7439,28.04000000000002,84,68,5.36,TW,1718049426
190,castillos,-34.1667,-53.8333,13.860000000000014,88,54,2.14,UY,1718049426
191,malabrigo,-29.3464,-59.9696,24.75999999999999,61,4,4.3,AR,1718049426
192,selfoss,63.9331,-20.9971,14.920000000000016,58,100,3.22,IS,1718049427
193,cockburn town,21.4612,-71.1419,27.819999999999993,85,100,6.44,TC,1718049301
194,whitby,54.4877,-0.615,9.899999999999977,87,99,2.24,GB,1718049428
195,antonio enes,-16.2325,39.9086,21.339999999999975,78,56,4.62,MZ,1718049428
196,sokoni,-6.4333,39.55,26.819999999999993,70,46,7.84,TZ,1718049428
197,tual,-5.6667,132.75,26.75999999999999,84,100,9.99,ID,1718049429
198,mont-laurier,46.5501,-75.4993,9.689999999999998,93,100,3.27,CA,1718049384
199,port saint john's,-31.6229,29.5448,16.920000000000016,62,0,3.79,ZA,1718049429
200,sao felix do xingu,-6.6447,-51.995,33.110000000000014,41,19,2.01,BR,1718049429
201,ierapetra,35.01,25.7353,26.089999999999975,66,0,0.89,GR,1718049430
202,thunder bay,48.4001,-89.3168,20.889999999999986,30,0,1.54,CA,1718049233
203,lorengau,-2.0226,147.2712,27.50999999999999,83,96,3.25,PG,1718049430
204,magaramkent,41.6159,48.348,17.579999999999984,80,70,3.14,RU,1718049431
205,marquette,46.5333,-87.6335,18.370000000000005,47,2,2.68,US,1718049431
206,howrah,22.5892,88.3103,30.899999999999977,84,40,5.66,IN,1718049431
207,khilok,51.3674,110.4676,9.129999999999995,96,11,1.09,RU,1718049432
208,remire-montjoly,4.9167,-52.2667,27.920000000000016,89,75,2.06,GF,1718049432
209,mariental,-24.6333,17.9667,16.600000000000023,42,6,8.26,NA,1718049432
210,soufriere,13.8562,-61.0566,30.70999999999998,82,40,10.29,LC,1718049433
211,fort bragg,35.139,-79.006,29.29000000000002,42,0,3.6,US,1718049184
212,portland,45.5234,-122.6762,23.850000000000023,49,8,0.89,US,1718049212
213,palmas,-10.2128,-48.3603,32.829999999999984,38,20,2.57,BR,1718049284
214,san mateo del mar,16.2,-95.0,29.629999999999995,74,30,4.95,MX,1718049434
215,qashar,53.3906,62.9297,15.779999999999973,81,41,4.03,KZ,1718049434
216,nizhnevartovsk,60.9344,76.5531,13.910000000000025,58,0,2.0,RU,1718049325
217,lae,-6.7221,146.9847,22.610000000000014,84,28,2.55,PG,1718049435
218,vila velha,-20.3297,-40.2925,26.870000000000005,65,0,6.17,BR,1718049288
219,chernomorskoye,45.5039,32.6997,21.310000000000002,75,31,4.5,UA,1718049435
220,weihai,37.5017,122.1136,18.75999999999999,84,14,5.62,CN,1718049436
221,barth,54.3635,12.7249,11.009999999999991,88,100,3.76,DE,1718049436
222,pul-e khumri,35.9446,68.7151,27.139999999999986,22,0,1.61,AF,1718049436
223,trincomalee,8.5711,81.2335,27.879999999999995,77,100,10.41,LK,1718049437
224,tshikapa,-6.4167,20.8,22.19999999999999,30,100,1.43,CD,1718049437
225,miri,4.4148,114.0089,26.980000000000018,94,40,0.0,MY,1718049437
226,natal,-5.795,-35.2094,28.019999999999982,65,20,7.72,BR,1718049437
227,al bawiti,28.3492,28.8659,28.610000000000014,23,0,2.64,EG,1718049438
228,coahuayana de hidalgo,18.7,-103.6583,32.19,50,55,3.85,MX,1718049438
229,halifax,44.6453,-63.5724,20.730000000000018,70,20,9.26,CA,1718049406
230,santa terezinha,-29.9002,-50.0904,18.19999999999999,94,6,5.35,BR,1718049439
231,ascension,30.2169,-90.9001,35.51999999999998,55,0,0.0,US,1718049439
232,kirakira,-10.4544,161.9205,25.19999999999999,81,100,2.63,SB,1718049439
233,enewetak,11.3474,162.3373,27.980000000000018,83,85,7.77,MH,1718049439
234,san fernando de monte cristi,19.8667,-71.65,29.69999999999999,70,100,6.35,DO,1718049440
235,pont rouge,48.8833,-72.0825,23.060000000000002,73,100,3.78,CA,1718049440
236,sosua,19.7667,-70.5167,33.889999999999986,62,40,6.69,DO,1718049440
237,alofi,-19.0595,-169.9187,23.839999999999975,69,63,3.09,NU,1718049441
238,qamdo,31.1667,97.2333,8.5,72,99,2.52,CN,1718049441
239,saint-paul,-21.0096,55.2707,22.94999999999999,78,58,0.67,RE,1718049441
240,geraldton,-28.7667,114.6,16.129999999999995,94,100,4.12,AU,1718049441
241,leava,-14.3,-178.1667,27.30000000000001,75,59,7.22,WF,1718049442
242,zhangatas,43.5667,69.75,24.560000000000002,30,51,1.68,KZ,1718049442
243,mangai,-4.05,19.5333,21.920000000000016,46,9,0.79,CD,1718049442
244,mhamid,29.82,-5.72,31.910000000000025,10,0,10.5,MA,1718049443
245,kingscliff,-28.2667,153.5667,9.79000000000002,81,0,0.51,AU,1718049443
246,waiuku,-37.25,174.75,14.480000000000018,92,100,1.99,NZ,1718049443
247,itoman,26.1247,127.6694,25.120000000000005,94,75,9.26,JP,1718049444
248,hirara,24.8,125.2833,27.05000000000001,94,99,8.23,JP,1718049444
249,barclayville,4.6797,-8.2339,24.69999999999999,91,91,2.9,LR,1718049444
250,amursk,50.2261,136.8994,7.670000000000016,92,45,4.28,RU,1718049444
251,tazacorte,28.629,-17.9293,21.439999999999998,86,75,6.69,ES,1718049445
252,kiunga,-6.1219,141.2906,23.50999999999999,98,100,1.08,PG,1718049445
253,sibiti,-3.6819,13.3499,21.80000000000001,70,57,0.76,CG,1718049445
254,praia da vitoria,38.7333,-27.0667,21.430000000000007,73,20,3.66,PT,1718049446
255,santiago del estero,-27.7951,-64.2615,24.439999999999998,43,1,2.61,AR,1718049257
256,macapa,0.0389,-51.0664,30.889999999999986,66,40,3.6,BR,1718049213
257,walvis bay,-22.9575,14.5053,14.949999999999989,68,1,0.71,NA,1718049446
258,battambang,13.1027,103.1982,25.149999999999977,87,100,2.39,KH,1718049447
259,kenai,60.5544,-151.2583,18.24000000000001,47,100,6.17,US,1718049177
260,springs,-26.25,28.4,8.060000000000002,36,0,1.92,ZA,1718049447
261,xilin hot,43.9667,116.0333,15.339999999999975,62,64,1.35,CN,1718049448
262,codrington,-38.2667,141.9667,13.949999999999989,74,100,10.31,AU,1718049448
263,vadso,70.0744,29.7487,5.389999999999986,100,100,9.26,NO,1718049448
264,kerikeri,-35.2268,173.9474,11.519999999999982,94,74,0.89,NZ,1718049449
265,sandnessjoen,66.0217,12.6316,9.189999999999998,93,75,5.66,NO,1718049449
266,chilecito,-29.1619,-67.4974,18.910000000000025,37,0,2.95,AR,1718049204
267,hampton bays,40.869,-72.5176,23.939999999999998,54,40,3.6,US,1718049205
268,illizi,26.4833,8.4667,38.79000000000002,8,1,5.61,DZ,1718049450
269,carnarvon,-24.8667,113.6333,20.05000000000001,68,77,4.86,AU,1718049450
270,vorkuta,67.5,64.0,2.180000000000007,96,100,1.79,RU,1718049450
271,selenice,40.5306,19.6358,22.74000000000001,40,0,3.44,AL,1718049451
272,crane,31.3974,-102.3501,30.889999999999986,39,0,0.7,US,1718049451
273,tsiombe,-25.3,45.4833,18.25999999999999,71,19,6.67,MG,1718049451
274,san patricio,28.017,-97.5169,34.81999999999999,45,93,6.66,US,1718049451
275,abhar,36.1468,49.218,15.149999999999977,78,100,0.57,IR,1718049452
276,parabel',58.6978,81.4825,12.629999999999995,83,54,1.34,RU,1718049452
277,kudahuvadhoo,2.6708,72.8944,28.370000000000005,76,32,5.65,MV,1718049452
278,glace bay,46.1969,-59.957,21.089999999999975,69,75,4.63,CA,1718049453
279,urangan,-25.3,152.9,11.680000000000007,74,0,2.68,AU,1718049453
280,greymouth,-42.4667,171.2,9.009999999999991,84,100,5.39,NZ,1718049453
281,barrouallie,13.2333,-61.2667,26.670000000000016,76,9,7.11,VC,1718049454
282,novodvinsk,64.4165,40.8122,11.759999999999991,86,93,1.86,RU,1718049301
283,yigo village,13.5361,144.8886,27.060000000000002,91,75,4.63,GU,1718049455
284,neyriz,29.1988,54.3278,26.319999999999993,12,0,2.0,IR,1718049455
285,horta,38.5333,-28.6333,20.69999999999999,79,40,4.02,PT,1718049455
286,altai,46.3722,96.2583,12.879999999999995,46,10,1.03,MN,1718049455
287,acapulco de juarez,16.8634,-99.8901,27.610000000000014,65,91,6.93,MX,1718049456
288,northam,51.0333,-4.2167,13.449999999999989,68,2,5.9,GB,1718049456
289,amga,60.8953,131.9608,12.100000000000023,80,71,2.14,RU,1718049456
290,la'ie,21.6477,-157.9253,27.879999999999995,70,7,4.47,US,1718049457
291,klyuchi,52.2667,79.1667,18.910000000000025,86,81,4.03,RU,1718049457
292,cuajinicuilapa,16.4667,-98.4167,33.64999999999998,46,14,5.75,MX,1718049457
293,gardnerville ranchos,38.8882,-119.7413,29.70999999999998,31,0,3.09,US,1718049458
294,moranbah,-22.0016,148.0466,10.670000000000016,50,5,4.16,AU,1718049458
295,okhotsk,59.3833,143.3,7.009999999999991,81,100,1.02,RU,1718049458
296,guerrero negro,27.9769,-114.0611,21.24000000000001,57,94,6.67,MX,1718049459
297,borba,-4.3878,-59.5939,28.379999999999995,76,100,1.76,BR,1718049459
298,crucecita,-28.95,-58.9833,26.350000000000023,56,3,1.75,AR,1718049459
299,acarau,-2.8856,-40.12,27.230000000000018,79,51,5.6,BR,1718049459
300,bereznik,62.8551,42.7072,11.25,94,100,2.19,RU,1718049460
301,bikenibeu village,1.3673,173.1241,27.879999999999995,89,40,1.54,KI,1718049460
302,mahanje,-9.9333,35.3333,15.620000000000005,76,75,1.45,TZ,1718049461
303,anna regina,7.2644,-58.5077,28.610000000000014,74,100,4.01,GY,1718049461
304,al mijlad,11.0333,27.7333,33.170000000000016,39,37,0.91,SD,1718049461
305,ciudad lazaro cardenas,17.9583,-102.2,29.089999999999975,63,87,6.91,MX,1718049182
306,sumbawa besar,-8.5,117.4333,22.50999999999999,92,46,1.24,ID,1718049462
307,arboletes,8.8505,-76.4269,29.29000000000002,76,98,3.16,CO,1718049462
308,yeppoon,-23.1333,150.7333,10.600000000000023,54,0,2.23,AU,1718049463
309,wuhai,39.6647,106.8122,24.180000000000007,29,60,0.71,CN,1718049463
310,sao joao da barra,-21.6403,-41.0511,30.94999999999999,74,71,4.85,BR,1718049214
311,sorong,-0.8833,131.25,25.25999999999999,90,100,2.3,ID,1718049463
312,georgetown,5.4112,100.3354,27.870000000000005,83,20,0.51,MY,1718049464
313,happy valley-goose bay,53.3168,-60.3315,19.069999999999993,55,20,6.17,CA,1718049464
314,constantia,44.1833,28.65,22.50999999999999,75,42,7.75,RO,1718049369
315,baturaja,-4.1333,104.1667,23.189999999999998,98,55,1.11,ID,1718049465
316,puerto armuelles,8.2833,-82.8667,28.889999999999986,72,98,1.79,PA,1718049465
317,labrador city,52.9463,-66.9114,19.850000000000023,56,75,11.62,CA,1718049465
318,sabang,5.8933,95.3214,29.430000000000007,76,100,7.65,ID,1718049466
319,lubang,13.8584,120.124,29.579999999999984,72,14,1.72,PH,1718049466
320,gebeit,21.0667,36.3167,31.779999999999973,28,0,1.08,SD,1718049466
321,puerto ayacucho,5.6639,-67.6236,26.189999999999998,84,100,1.59,VE,1718049466
322,marataizes,-21.0433,-40.8244,23.779999999999973,78,99,5.09,BR,1718049467
323,tamanrasset,22.785,5.5228,32.85000000000002,7,40,4.63,DZ,1718049467
324,victorica,-36.2151,-65.4359,17.54000000000002,29,100,8.26,AR,1718049467
325,balod,20.73,81.2047,31.730000000000018,48,81,4.24,IN,1718049468
326,rakops,-21.0167,24.3333,12.29000000000002,41,3,3.47,BW,1718049468
327,betio village,1.358,172.9211,27.920000000000016,77,59,3.89,KI,1718049468
328,levuka,50.1834,-105.4011,11.800000000000011,94,100,9.77,CA,1718049468
329,mount gambier,-37.8333,140.7667,15.269999999999982,61,100,6.7,AU,1718049469
330,malkapur,20.8833,76.2,33.05000000000001,46,98,4.62,IN,1718049469
331,barmer,25.75,71.3833,32.54000000000002,46,0,8.18,IN,1718049469
332,aripuana,-9.1667,-60.6333,35.22000000000003,30,38,1.02,BR,1718049295
333,long beach,33.767,-118.1892,27.110000000000014,74,100,4.02,US,1718049304
334,chita,52.0333,113.55,9.839999999999975,100,40,2.0,RU,1718049276
335,athol,42.5959,-72.2268,22.75999999999999,60,97,5.66,US,1718049471
336,okha,53.5739,142.9478,6.149999999999977,95,100,4.02,RU,1718049471
337,antsiranana,-12.2787,49.2917,21.850000000000023,81,0,2.69,MG,1718049471
338,wenchang,30.904,118.4887,20.579999999999984,96,17,0.49,CN,1718049471
339,qui nhon,13.7667,109.2333,26.70999999999998,74,100,1.82,VN,1718049472
340,solnechnyy,50.7214,136.6319,6.029999999999973,95,100,3.92,RU,1718049472
341,turpan,42.9333,89.1667,33.30000000000001,18,98,0.73,CN,1718049472
342,alice springs,-23.7,133.8833,6.649999999999977,87,0,3.09,AU,1718049473
343,weno,7.4515,151.8468,27.870000000000005,89,75,3.09,FM,1718049473
344,al mahallah al kubra,30.9745,31.165,22.74000000000001,78,0,2.39,EG,1718049473
345,champerico,14.3,-91.9167,33.19999999999999,73,66,4.53,GT,1718049473
346,khandyga,62.6667,135.6,12.759999999999991,70,42,0.61,RU,1718049474
347,luderitz,-26.6481,15.1594,19.70999999999998,48,63,2.19,NA,1718049474
348,fujin,47.26,132.0322,15.100000000000023,90,100,1.32,CN,1718049474
349,ocos,14.5094,-92.1933,29.0,75,94,3.36,GT,1718049475
350,dien bien phu,21.3833,103.0167,23.319999999999993,100,100,0.23,VN,1718049475
351,puerto aysen,-45.4,-72.7,5.480000000000018,100,100,1.35,CL,1718049475
352,callao,-12.0667,-77.15,20.060000000000002,64,75,4.63,PE,1718049465
353,tutong,4.8,114.65,24.94999999999999,91,100,1.75,BN,1718049476
354,uliastay,47.7417,96.8444,11.120000000000005,68,12,2.08,MN,1718049476
355,archangelos,36.2149,28.1149,23.95999999999998,46,0,2.79,GR,1718049477
356,ouarzazat,30.9189,-6.8934,28.060000000000002,21,40,3.6,MA,1718049477
357,puerto madero,14.7208,-92.4215,29.00999999999999,84,40,0.0,MX,1718049477
358,guiratinga,-16.3494,-53.7583,30.75,26,0,1.73,BR,1718049478
359,pigcawayan,7.2772,124.4256,23.610000000000014,96,100,0.5,PH,1718049478
360,wewak,-3.5534,143.6268,26.319999999999993,87,100,1.75,PG,1718049479
361,arteche,12.2645,125.4048,25.930000000000007,90,100,1.18,PH,1718049479
362,brookings,44.3114,-96.7984,25.0,41,8,3.41,US,1718049479
363,redencao,-4.2258,-38.7306,25.79000000000002,82,12,2.05,BR,1718049479
364,viqueque,-8.8673,126.3658,22.730000000000018,84,88,0.94,TL,1718049480
365,puerto carreno,6.189,-67.4859,29.889999999999986,66,20,1.54,CO,1718049480
366,al qitena,14.8648,32.3668,33.25,42,24,6.09,SD,1718049480
367,nova vicosa,-17.8919,-39.3719,24.24000000000001,72,34,2.53,BR,1718049481
368,ji'an,27.1172,114.9793,23.720000000000027,98,95,2.06,CN,1718049481
369,staritsa,56.5075,34.9354,16.329999999999984,97,100,2.45,RU,1718049481
370,wellington,-41.2866,174.7756,11.70999999999998,87,16,6.69,NZ,1718049183
371,paita,-5.0892,-81.1144,20.95999999999998,73,21,7.19,PE,1718049482
372,vuktyl,63.8567,57.3094,8.819999999999993,80,4,1.85,RU,1718049482
373,khanty-mansiysk,61.0042,69.0019,13.95999999999998,62,0,0.0,RU,1718049483
374,kaa-khem,51.6833,94.7333,16.24000000000001,57,18,2.49,RU,1718049483
375,saint-pierre,-21.3393,55.4781,21.720000000000027,78,0,4.12,RE,1718049387
376,boguchany,58.3814,97.4531,12.04000000000002,84,100,0.89,RU,1718049484
377,chibougamau,49.9168,-74.3659,10.689999999999998,87,100,4.63,CA,1718049484
378,kavaratti,10.5669,72.642,28.629999999999995,83,100,6.48,IN,1718049484
379,antofagasta,-23.65,-70.4,17.5,79,4,2.03,CL,1718049363
380,gorom-gorom,14.4439,-0.2361,34.27999999999997,35,75,5.14,BF,1718049485
381,ardestan,33.3761,52.3694,29.129999999999995,21,100,5.21,IR,1718049485
382,lompoc,34.6391,-120.4579,27.50999999999999,76,20,4.12,US,1718049486
383,piti village,13.4626,144.6933,27.930000000000007,92,20,0.0,GU,1718049486
384,aginskoye,51.1,114.53,10.670000000000016,89,59,2.04,RU,1718049486
385,eldorado at santa fe,35.5264,-105.9347,17.339999999999975,82,100,5.14,US,1718049487
386,new norfolk,-42.7826,147.0587,12.620000000000005,85,100,3.98,AU,1718049487
387,kismayo,-0.3582,42.5454,25.74000000000001,80,8,7.89,SO,1718049487
388,cidreira,-30.1811,-50.2056,17.730000000000018,91,41,4.23,BR,1718049488
389,gamba,-2.65,10.0,22.819999999999993,91,13,3.05,GA,1718049488
390,yen vinh,18.6667,105.6667,26.19999999999999,82,100,1.44,VN,1718049488
391,zaragoza,41.6561,-0.8773,19.910000000000025,50,0,7.72,ES,1718049489
392,east london,-33.0153,27.9116,16.980000000000018,55,0,3.29,ZA,1718049489
393,iskateley,67.6803,53.1512,3.240000000000009,88,0,3.58,RU,1718049489
394,jingzhou,30.3503,112.1903,22.5,91,12,1.89,CN,1718049490
395,duba,27.3513,35.6901,29.889999999999986,44,0,2.0,SA,1718049490
396,glostrup,55.6667,12.4,13.810000000000002,70,40,4.12,DK,1718049491
397,al qadarif,14.0349,35.3834,25.30000000000001,70,100,9.31,SD,1718049491
398,andergrove,-21.0833,149.1833,10.810000000000002,57,2,4.11,AU,1718049491
399,gbarnga,6.9956,-9.4722,22.870000000000005,98,100,2.32,LR,1718049492
400,alo,7.4178,6.7371,25.519999999999982,90,39,1.87,NG,1718049492
401,muynoq,43.7683,59.0214,27.54000000000002,36,68,4.32,UZ,1718049492
402,nova xavantina,-14.6667,-52.35,30.05000000000001,38,90,1.55,BR,1718049441
403,illapel,-31.6308,-71.1653,14.779999999999973,59,100,2.66,CL,1718049346
404,tezu,27.9167,96.1667,25.660000000000025,80,61,1.53,IN,1718049493
405,igarka,67.4667,86.5833,7.689999999999998,92,73,2.68,RU,1718049493
406,vilyuysk,63.7553,121.6247,13.230000000000018,57,43,1.79,RU,1718049494
407,shache,38.4167,77.2406,23.410000000000025,30,52,2.36,CN,1718049494
408,roma,43.2128,-75.4557,14.870000000000005,81,100,6.17,US,1718049495
409,mahibadhoo,3.7833,72.9667,28.579999999999984,77,61,6.7,MV,1718049495
410,ocean city,39.2776,-74.5746,27.04000000000002,45,2,4.02,US,1718049495
411,yanykurgan,43.915,67.2481,27.329999999999984,27,11,4.15,KZ,1718049495
412,sao jose de ribamar,-2.5619,-44.0542,25.110000000000014,76,54,2.1,BR,1718049496
413,todos santos,23.45,-110.2167,38.95999999999998,58,21,3.51,MX,1718049496
414,guadalupe,25.6833,-100.25,37.420000000000016,34,0,8.94,MX,1718048940
415,orchard mesa,39.043,-108.5523,33.29000000000002,18,0,5.66,US,1718049497
416,wanlaweyn,2.6185,44.8938,24.399999999999977,82,100,6.35,SO,1718049497
417,puerto santa,-8.9906,-78.6456,20.029999999999973,75,49,5.53,PE,1718049497
418,camayenne,9.535,-13.6878,28.94999999999999,74,75,2.06,GN,1718049498
419,fukuecho,32.6881,128.8419,20.44999999999999,85,100,0.53,JP,1718049498
420,laojunmiao,39.8333,97.7333,18.170000000000016,30,47,4.75,CN,1718049498
421,ola,59.5833,151.2833,7.759999999999991,78,100,2.2,RU,1718049499
422,neuhaus,49.144,15.003,15.620000000000005,82,5,1.85,CZ,1718049499
423,vershino-darasunskiy,52.35,115.5167,6.860000000000014,78,88,1.73,RU,1718049499
424,christchurch,-43.5333,172.6333,8.180000000000007,84,75,6.69,NZ,1718049436
425,klaksvik,62.2266,-6.589,5.410000000000025,77,100,10.58,FO,1718049500
426,quellon,-43.1167,-73.6167,10.839999999999975,92,100,9.37,CL,1718049326
427,kaoma,-14.7833,24.8,15.620000000000005,49,6,4.33,ZM,1718049500
428,lebanon,36.2081,-86.2911,28.879999999999995,42,75,6.17,US,1718049370
429,bel ombre,-4.6167,55.4167,27.810000000000002,83,40,3.6,SC,1718049501
430,korhogo,9.45,-5.6333,28.160000000000025,60,17,1.29,CI,1718049501
431,paradip garh,20.3167,86.6167,28.939999999999998,81,99,7.77,IN,1718049501
432,livingston,55.9029,-3.5226,10.610000000000014,65,75,2.57,GB,1718049502
433,ebon,4.582,168.6964,29.0,78,53,6.68,MH,1718049502
434,mizdah,31.4451,12.9801,34.170000000000016,15,46,4.05,LY,1718049503
435,lautoka,-17.6167,177.4667,18.819999999999993,88,20,2.57,FJ,1718049503
436,tromso,69.6496,18.957,13.910000000000025,62,0,6.17,NO,1718049503
437,male,4.1748,73.5089,29.870000000000005,79,75,5.14,MV,1718049504
438,touros,-5.1989,-35.4608,26.20999999999998,77,19,7.14,BR,1718049504
439,ta`u,-14.2336,-169.5144,26.80000000000001,77,53,9.33,AS,1718049504
440,taroa,8.7058,171.2275,28.379999999999995,80,30,9.02,MH,1718049504
441,kurchatov,51.6601,35.6521,21.129999999999995,85,61,3.48,RU,1718049505
442,severobaykal'sk,55.65,109.3167,7.399999999999977,91,88,0.84,RU,1718049505
443,ulladulla,-35.35,150.4667,10.620000000000005,54,100,5.1,AU,1718049505
444,xichang,27.8964,102.2634,19.980000000000018,87,87,1.09,CN,1718049506
445,warrnambool,-38.3833,142.4833,13.930000000000007,77,100,10.71,AU,1718049506
446,sikonge,-5.6333,32.7667,18.00999999999999,57,7,2.47,TZ,1718049506
447,santana,-0.0583,-51.1817,31.0,66,40,3.6,BR,1718049507
448,howard springs,-12.497,131.047,19.850000000000023,83,98,3.28,AU,1718049507
449,piacabucu,-10.4056,-36.4344,24.99000000000001,75,100,3.66,BR,1718049507
450,laboulaye,-34.1266,-63.3912,18.930000000000007,32,100,3.8,AR,1718049508
451,esquel,-42.9,-71.3167,5.550000000000011,93,99,1.46,AR,1718049453
452,kone,-21.0595,164.8658,21.329999999999984,88,73,0.7,NC,1718049508
453,makassar,-5.14,119.4221,22.930000000000007,100,20,0.51,ID,1718049509
454,novomykolayivka,47.9781,35.9102,22.029999999999973,53,6,5.03,UA,1718049509
455,vanino,49.0869,140.2543,12.079999999999984,98,99,0.43,RU,1718049509
456,hami,42.8,93.45,27.269999999999982,21,3,4.64,CN,1718049510
457,namibe,-15.1961,12.1522,19.49000000000001,89,28,3.69,AO,1718049510
458,beloyarskiy,63.7119,66.6722,12.680000000000007,94,67,1.79,RU,1718049365
459,papao,-17.75,-149.55,24.720000000000027,90,98,7.69,PF,1718049510
460,mejit,10.2753,170.8646,28.329999999999984,79,73,8.34,MH,1718049511
461,talcahuano,-36.7167,-73.1167,13.720000000000027,82,100,12.35,CL,1718049350
462,novyy urengoy,66.0833,76.6333,13.240000000000009,61,100,5.05,RU,1718049323
463,kars,40.602,43.095,8.490000000000009,88,100,1.3,TR,1718049512
464,mukalla,14.5425,49.1242,31.30000000000001,63,3,2.77,YE,1718049512
465,shitanjing,39.2342,106.3439,22.29000000000002,27,78,1.45,CN,1718049513
466,zeya,53.75,127.2667,9.610000000000014,81,100,2.31,RU,1718049430
467,saimbeyli,37.9863,36.0906,11.699999999999989,60,0,3.8,TR,1718049513
468,nenjiang,49.1833,125.2167,14.149999999999977,93,100,1.97,CN,1718049514
469,toliara,-23.35,43.6667,19.889999999999986,66,0,8.19,MG,1718049514
470,siyabuswa,-25.1132,29.0445,9.449999999999989,43,0,1.77,ZA,1718049514
471,flying fish cove,-10.4217,105.6791,25.720000000000027,94,100,5.14,CX,1718049514
472,dakhla,23.6848,-15.958,21.910000000000025,73,6,10.8,EH,1718049515
473,dauphin,51.1494,-100.0502,17.980000000000018,52,40,5.66,CA,1718049515
474,culiacan,24.7994,-107.3897,40.43000000000001,22,1,5.62,MX,1718049291
475,sainte-marie,-20.8968,55.5496,22.970000000000027,84,75,7.72,RE,1718049516
476,salalah,17.0151,54.0924,28.94999999999999,84,100,3.42,OM,1718049516
477,wau,7.7029,27.9953,25.110000000000014,68,9,2.18,SS,1718049516
478,la sarre,48.8002,-79.1996,14.949999999999989,44,1,6.63,CA,1718049255
479,popondetta,-8.7537,148.2534,22.970000000000027,95,87,1.23,PG,1718049517
480,kattivakkam,13.2167,80.3167,29.399999999999977,79,100,5.02,IN,1718049517
481,nizhnesortymskiy,62.4397,71.7603,15.920000000000016,64,100,3.21,RU,1718049517
482,mwandiga,-4.83,29.6581,21.560000000000002,73,20,0.0,TZ,1718049518
483,lovington,32.944,-103.3485,28.810000000000002,41,3,0.45,US,1718049518
484,cidade velha,14.9167,-23.6167,25.160000000000025,65,20,8.75,CV,1718049519
485,akureyri,65.6835,-18.0878,6.860000000000014,76,0,6.69,IS,1718049519
486,dubbo,-32.25,148.6167,2.9700000000000273,100,12,2.57,AU,1718049519
487,keelung,25.1283,121.7419,28.839999999999975,89,49,1.33,TW,1718049444
488,watford city,47.8022,-103.2832,13.319999999999993,100,100,5.14,US,1718049520
489,kuta,-8.7233,115.1723,25.870000000000005,94,75,5.36,ID,1718049411
490,koster,-25.863,26.8976,5.269999999999982,49,2,1.34,ZA,1718049520
491,hochfeld,53.8932,9.3739,12.370000000000005,92,100,2.1,DE,1718049521
492,zboriv,49.6648,25.141,15.399999999999977,96,65,1.48,UA,1718049521
493,muli,2.9167,73.5667,28.339999999999975,77,90,6.29,MV,1718049521
494,nguigmi,14.2495,13.1092,29.160000000000025,62,10,5.84,NE,1718049522
495,baiyin,36.5583,104.2081,19.379999999999995,28,93,3.14,CN,1718049522
496,superior,46.7208,-92.1041,22.649999999999977,40,0,2.57,US,1718049302
497,yelizovo,53.1873,158.3805,11.45999999999998,82,0,2.0,RU,1718049522
498,jicin,50.4372,15.3516,16.730000000000018,76,6,0.4,CZ,1718049523
499,mendoza,-32.8908,-68.8272,17.639999999999986,36,0,3.09,AR,1718049237
500,uyuni,-20.4597,-66.825,9.319999999999993,21,64,3.42,BO,1718049523
501,yalta,44.5,34.1667,22.350000000000023,57,8,1.43,UA,1718049524
502,isetskoye,56.4858,65.3226,13.110000000000014,93,8,2.25,RU,1718049524
503,banlung,13.7468,107.0045,21.79000000000002,99,100,0.56,KH,1718049524
504,preobrazheniye,42.9019,133.9064,14.829999999999984,85,73,2.49,RU,1718049525
505,changping,40.2186,116.2197,19.69999999999999,61,0,2.97,CN,1718049525
506,katabu,-4.9333,122.5167,23.110000000000014,93,75,1.53,ID,1718049525
507,plouzane,48.3833,-4.6167,13.079999999999984,67,75,5.14,FR,1718049525
508,banda aceh,5.5577,95.3222,28.089999999999975,78,100,5.06,ID,1718049526
509,brandon,27.9378,-82.2859,36.19,58,40,3.6,US,1718049521
510,mount isa,-20.7333,139.5,5.769999999999982,87,0,1.54,AU,1718049526
511,duong dong,10.2167,103.9667,25.899999999999977,94,40,5.14,VN,1718049527
512,prince george,53.9166,-122.753,18.589999999999975,43,100,6.17,CA,1718049527
513,inayauan,9.9005,122.434,27.75999999999999,80,100,1.99,PH,1718049527
514,nema,57.5067,50.5011,17.5,76,99,1.86,RU,1718049528
515,pensilvania,40.2724,-76.9057,23.54000000000002,53,75,3.09,US,1718049291
516,fort st. john,56.2499,-120.8529,17.839999999999975,52,75,2.06,CA,1718049476
517,sao vicente,-23.9631,-46.3919,31.0,41,0,1.03,BR,1718049529
518,kassala,15.451,36.4,27.360000000000014,64,100,10.17,SD,1718049529
519,noumea,-22.2763,166.4572,23.79000000000002,99,58,1.9,NC,1718049529
520,kibaya,-5.3,36.5667,12.800000000000011,78,40,3.09,TZ,1718049529
521,yarmouth,41.7057,-70.2286,24.420000000000016,62,20,7.2,US,1718049530
522,makoua,0.0069,15.6333,24.45999999999998,79,86,1.59,CG,1718049530
523,lagrange,33.0393,-85.0313,30.189999999999998,28,0,1.54,US,1718049530
524,wynyard,-41.0,145.7167,12.980000000000018,94,100,11.86,AU,1718049531
525,nianzishan,47.5167,122.8833,15.009999999999991,89,95,3.85,CN,1718049531
526,mili,6.0815,171.735,28.55000000000001,79,95,8.14,MH,1718049531
527,allariz,42.1904,-7.8018,15.360000000000014,73,0,2.02,ES,1718049531
528,brigantine,39.4101,-74.3646,26.579999999999984,48,6,1.34,US,1718049232
529,palikir - national government center,6.9248,158.1611,25.310000000000002,100,100,1.03,FM,1718049532
530,viedma,-40.8135,-62.9967,14.529999999999973,41,100,2.01,AR,1718049496
531,huanggang,23.677,116.9996,25.839999999999975,94,100,1.39,CN,1718049533
532,bechar,31.6167,-2.2167,34.079999999999984,13,13,2.06,DZ,1718049533
533,ponta delgada,37.7333,-25.6667,20.30000000000001,64,75,2.57,PT,1718049533
534,kidal,18.4411,1.4078,38.170000000000016,15,21,3.28,ML,1718049534
535,nobres,-14.7203,-56.3275,33.31999999999999,29,2,0.99,BR,1718049534
536,sao geraldo do araguaia,-6.4006,-48.555,31.55000000000001,55,92,0.38,BR,1718049534
537,saint-francois,46.4154,3.9054,17.589999999999975,63,0,4.12,FR,1718049534
538,lerwick,60.1545,-1.1494,9.899999999999977,83,100,9.31,GB,1718049535
539,majene,-3.5403,118.9707,24.639999999999986,91,55,3.23,ID,1718049535
540,dudinka,69.4058,86.1778,6.389999999999986,86,83,3.13,RU,1718049535
541,ghadamis,30.1337,9.5007,38.27999999999997,10,21,4.19,LY,1718049536
542,vyazemskiy,47.5378,134.7525,14.149999999999977,95,100,2.51,RU,1718049536
543,bodo,67.28,14.405,12.0,92,75,4.63,NO,1718049536
544,arraial do cabo,-22.9661,-42.0278,29.819999999999993,39,0,1.54,BR,1718049537
545,cedral,23.8,-100.7333,31.74000000000001,18,25,4.93,MX,1718049537
546,port angeles,48.1181,-123.4307,17.99000000000001,71,0,4.63,US,1718049537
547,labytnangi,66.6572,66.4183,8.439999999999998,88,76,2.43,RU,1718049538
548,rizhao,35.4275,119.4553,22.980000000000018,56,87,3.59,CN,1718049538
549,jiangyou,31.7667,104.7167,22.45999999999998,72,100,0.7,CN,1718049538
550,grand falls-windsor,48.9332,-55.6649,16.29000000000002,92,100,0.89,CA,1718049539
551,mlimba,-8.8,35.8167,20.600000000000023,65,25,1.88,TZ,1718049539
552,starachowice,51.0374,21.0713,18.04000000000002,94,100,2.06,PL,1718049539
553,gisborne,-38.6533,178.0042,11.95999999999998,90,100,2.75,NZ,1718049294
554,lampang,18.3333,99.5,23.649999999999977,98,100,0.68,TH,1718049540
555,puerto del carmen,28.9231,-13.6658,21.629999999999995,68,20,6.69,ES,1718049540
556,tamandare,-8.7597,-35.1047,25.430000000000007,73,35,4.19,BR,1718049540
557,eravur town,7.7782,81.6038,27.339999999999975,72,100,3.65,LK,1718049541
558,porto velho,-8.7619,-63.9039,32.93000000000001,43,20,2.57,BR,1718049344
559,ulsteinvik,62.3432,5.8487,12.54000000000002,85,100,2.24,NO,1718049541
560,nantucket,41.2835,-70.0995,21.95999999999998,74,0,6.69,US,1718049459
561,malanje,-9.5402,16.341,17.399999999999977,39,88,1.6,AO,1718049542
562,ampanihy,-24.7,44.75,16.689999999999998,76,0,7.01,MG,1718049542
563,general toshevo,43.7,28.0333,21.80000000000001,82,42,3.58,BG,1718049543
564,meadow lake,34.8014,-106.5436,19.04000000000002,70,100,2.37,US,1718049543
565,kuybyshev,55.4475,78.3218,15.009999999999991,97,100,6.31,RU,1718049543
566,kisangani,0.5167,25.2,22.79000000000002,70,45,0.68,CD,1718049543
567,villa gesell,-37.2639,-56.973,12.70999999999998,80,97,3.84,AR,1718049509
568,zaio,34.9428,-2.7329,23.80000000000001,45,68,3.24,MA,1718049544
569,kodungallur,10.2167,76.2167,25.899999999999977,92,100,0.8,IN,1718049544
570,sao jose de piranhas,-7.1206,-38.5019,32.01999999999998,31,14,3.14,BR,1718049545
571,conduaga,8.862,117.4893,26.360000000000014,87,100,1.24,PH,1718049545
572,omidiyeh,30.7597,49.705,35.829999999999984,24,75,1.03,IR,1718049545
573,margate,51.3813,1.3862,13.620000000000005,67,10,2.68,GB,1718049545
574,tvoroyri,61.5556,-6.8111,6.800000000000011,72,100,8.53,FO,1718049546
575,hankasalmi,62.3833,26.4333,12.629999999999995,76,20,2.78,FI,1718049546
576,tindouf,27.6711,-8.1474,29.149999999999977,24,0,10.29,DZ,1718049547
577,urla,38.3229,26.764,27.120000000000005,45,42,0.95,TR,1718049547
578,jianshui,23.6363,102.8264,19.810000000000002,98,95,1.65,CN,1718049547
579,port augusta,-32.5,137.7667,13.370000000000005,46,5,6.62,AU,1718049485
580,san clemente del tuyu,-36.3569,-56.7235,12.110000000000014,75,79,3.39,AR,1718049493
581,cabimas,10.3883,-71.4399,30.350000000000023,71,39,4.23,VE,1718049548
582,anar darah,32.7587,61.654,29.439999999999998,15,0,3.92,AF,1718049549
